10.0	-119.05273172	-35.7909757928
10.0	-119.05273172	-29.8437075123
10.0	-119.05273172	-23.8964392318
10.0	-119.05273172	-17.9491709514
10.0	-119.05273172	-12.0019026709
10.0	-119.05273172	-6.05463439041
10.0	-119.05273172	-0.107366109926
10.0	-119.05273172	5.83990217055
10.0	-119.05273172	11.787170451
10.0	-119.05273172	17.7344387315
10.0	-119.05273172	23.681707012
10.0	-119.05273172	29.6289752925
10.0	-119.05273172	35.576243573
10.0	-113.105463439	-47.6855123538
10.0	-113.105463439	-41.7382440733
10.0	-113.105463439	-35.7909757928
10.0	-113.105463439	-29.8437075123
10.0	-113.105463439	-23.8964392318
10.0	-113.105463439	-17.9491709514
10.0	-113.105463439	-12.0019026709
10.0	-113.105463439	-6.05463439041
10.0	-113.105463439	-0.107366109926
10.0	-113.105463439	5.83990217055
10.0	-113.105463439	11.787170451
10.0	-113.105463439	17.7344387315
10.0	-113.105463439	23.681707012
10.0	-113.105463439	29.6289752925
10.0	-113.105463439	35.576243573
10.0	-113.105463439	41.5235118534
10.0	-113.105463439	47.4707801339
10.0	-107.158195159	-59.5800489147
10.0	-107.158195159	-53.6327806342
10.0	-107.158195159	-47.6855123538
10.0	-107.158195159	-41.7382440733
10.0	-107.158195159	-35.7909757928
10.0	-107.158195159	-29.8437075123
10.0	-107.158195159	-23.8964392318
10.0	-107.158195159	-17.9491709514
10.0	-107.158195159	-12.0019026709
10.0	-107.158195159	-6.05463439041
10.0	-107.158195159	-0.107366109926
10.0	-107.158195159	5.83990217055
10.0	-107.158195159	11.787170451
10.0	-107.158195159	17.7344387315
10.0	-107.158195159	23.681707012
10.0	-107.158195159	29.6289752925
10.0	-107.158195159	35.576243573
10.0	-107.158195159	41.5235118534
10.0	-107.158195159	47.4707801339
10.0	-107.158195159	53.4180484144
10.0	-107.158195159	59.3653166949
10.0	-101.210926878	-71.4745854757
10.0	-101.210926878	-65.5273171952
10.0	-101.210926878	-59.5800489147
10.0	-101.210926878	-53.6327806342
10.0	-101.210926878	-47.6855123538
10.0	-101.210926878	-41.7382440733
10.0	-101.210926878	-35.7909757928
10.0	-101.210926878	-29.8437075123
10.0	-101.210926878	-23.8964392318
10.0	-101.210926878	-17.9491709514
10.0	-101.210926878	-12.0019026709
10.0	-101.210926878	-6.05463439041
10.0	-101.210926878	-0.107366109926
10.0	-101.210926878	5.83990217055
10.0	-101.210926878	11.787170451
10.0	-101.210926878	17.7344387315
10.0	-101.210926878	23.681707012
10.0	-101.210926878	29.6289752925
10.0	-101.210926878	35.576243573
10.0	-101.210926878	41.5235118534
10.0	-101.210926878	47.4707801339
10.0	-101.210926878	53.4180484144
10.0	-101.210926878	59.3653166949
10.0	-101.210926878	65.3125849754
10.0	-101.210926878	71.2598532558
10.0	-95.2636585976	-77.4218537562
10.0	-95.2636585976	-71.4745854757
10.0	-95.2636585976	-65.5273171952
10.0	-95.2636585976	-59.5800489147
10.0	-95.2636585976	-53.6327806342
10.0	-95.2636585976	-47.6855123538
10.0	-95.2636585976	-41.7382440733
10.0	-95.2636585976	-35.7909757928
10.0	-95.2636585976	-29.8437075123
10.0	-95.2636585976	-23.8964392318
10.0	-95.2636585976	-17.9491709514
10.0	-95.2636585976	-12.0019026709
10.0	-95.2636585976	-6.05463439041
10.0	-95.2636585976	-0.107366109926
10.0	-95.2636585976	5.83990217055
10.0	-95.2636585976	11.787170451
10.0	-95.2636585976	17.7344387315
10.0	-95.2636585976	23.681707012
10.0	-95.2636585976	29.6289752925
10.0	-95.2636585976	35.576243573
10.0	-95.2636585976	41.5235118534
10.0	-95.2636585976	47.4707801339
10.0	-95.2636585976	53.4180484144
10.0	-95.2636585976	59.3653166949
10.0	-95.2636585976	65.3125849754
10.0	-95.2636585976	71.2598532558
10.0	-95.2636585976	77.2071215363
10.0	-89.3163903171	-83.3691220366
10.0	-89.3163903171	-77.4218537562
10.0	-89.3163903171	-71.4745854757
10.0	-89.3163903171	-65.5273171952
10.0	-89.3163903171	-59.5800489147
10.0	-89.3163903171	-53.6327806342
10.0	-89.3163903171	-47.6855123538
10.0	-89.3163903171	-41.7382440733
10.0	-89.3163903171	-35.7909757928
10.0	-89.3163903171	-29.8437075123
10.0	-89.3163903171	-23.8964392318
10.0	-89.3163903171	-17.9491709514
10.0	-89.3163903171	-12.0019026709
10.0	-89.3163903171	-6.05463439041
10.0	-89.3163903171	-0.107366109926
10.0	-89.3163903171	5.83990217055
10.0	-89.3163903171	11.787170451
10.0	-89.3163903171	17.7344387315
10.0	-89.3163903171	23.681707012
10.0	-89.3163903171	29.6289752925
10.0	-89.3163903171	35.576243573
10.0	-89.3163903171	41.5235118534
10.0	-89.3163903171	47.4707801339
10.0	-89.3163903171	53.4180484144
10.0	-89.3163903171	59.3653166949
10.0	-89.3163903171	65.3125849754
10.0	-89.3163903171	71.2598532558
10.0	-89.3163903171	77.2071215363
10.0	-89.3163903171	83.1543898168
10.0	-83.3691220366	-89.3163903171
10.0	-83.3691220366	-83.3691220366
10.0	-83.3691220366	-77.4218537562
10.0	-83.3691220366	-71.4745854757
10.0	-83.3691220366	-65.5273171952
10.0	-83.3691220366	-59.5800489147
10.0	-83.3691220366	-53.6327806342
10.0	-83.3691220366	-47.6855123538
10.0	-83.3691220366	-41.7382440733
10.0	-83.3691220366	-35.7909757928
10.0	-83.3691220366	-29.8437075123
10.0	-83.3691220366	-23.8964392318
10.0	-83.3691220366	-17.9491709514
10.0	-83.3691220366	-12.0019026709
10.0	-83.3691220366	-6.05463439041
10.0	-83.3691220366	-0.107366109926
10.0	-83.3691220366	5.83990217055
10.0	-83.3691220366	11.787170451
10.0	-83.3691220366	17.7344387315
10.0	-83.3691220366	23.681707012
10.0	-83.3691220366	29.6289752925
10.0	-83.3691220366	35.576243573
10.0	-83.3691220366	41.5235118534
10.0	-83.3691220366	47.4707801339
10.0	-83.3691220366	53.4180484144
10.0	-83.3691220366	59.3653166949
10.0	-83.3691220366	65.3125849754
10.0	-83.3691220366	71.2598532558
10.0	-83.3691220366	77.2071215363
10.0	-83.3691220366	83.1543898168
10.0	-83.3691220366	89.1016580973
10.0	-77.4218537562	-95.2636585976
10.0	-77.4218537562	-89.3163903171
10.0	-77.4218537562	-83.3691220366
10.0	-77.4218537562	-77.4218537562
10.0	-77.4218537562	-71.4745854757
10.0	-77.4218537562	-65.5273171952
10.0	-77.4218537562	-59.5800489147
10.0	-77.4218537562	-53.6327806342
10.0	-77.4218537562	-47.6855123538
10.0	-77.4218537562	-41.7382440733
10.0	-77.4218537562	-35.7909757928
10.0	-77.4218537562	-29.8437075123
10.0	-77.4218537562	-23.8964392318
10.0	-77.4218537562	-17.9491709514
10.0	-77.4218537562	-12.0019026709
10.0	-77.4218537562	-6.05463439041
10.0	-77.4218537562	-0.107366109926
10.0	-77.4218537562	5.83990217055
10.0	-77.4218537562	11.787170451
10.0	-77.4218537562	17.7344387315
10.0	-77.4218537562	23.681707012
10.0	-77.4218537562	29.6289752925
10.0	-77.4218537562	35.576243573
10.0	-77.4218537562	41.5235118534
10.0	-77.4218537562	47.4707801339
10.0	-77.4218537562	53.4180484144
10.0	-77.4218537562	59.3653166949
10.0	-77.4218537562	65.3125849754
10.0	-77.4218537562	71.2598532558
10.0	-77.4218537562	77.2071215363
10.0	-77.4218537562	83.1543898168
10.0	-77.4218537562	89.1016580973
10.0	-77.4218537562	95.0489263777
10.0	-71.4745854757	-101.210926878
10.0	-71.4745854757	-95.2636585976
10.0	-71.4745854757	-89.3163903171
10.0	-71.4745854757	-83.3691220366
10.0	-71.4745854757	-77.4218537562
10.0	-71.4745854757	-71.4745854757
10.0	-71.4745854757	-65.5273171952
10.0	-71.4745854757	-59.5800489147
10.0	-71.4745854757	-53.6327806342
10.0	-71.4745854757	-47.6855123538
10.0	-71.4745854757	-41.7382440733
10.0	-71.4745854757	-35.7909757928
10.0	-71.4745854757	-29.8437075123
10.0	-71.4745854757	-23.8964392318
10.0	-71.4745854757	-17.9491709514
10.0	-71.4745854757	-12.0019026709
10.0	-71.4745854757	-6.05463439041
10.0	-71.4745854757	-0.107366109926
10.0	-71.4745854757	5.83990217055
10.0	-71.4745854757	11.787170451
10.0	-71.4745854757	17.7344387315
10.0	-71.4745854757	23.681707012
10.0	-71.4745854757	29.6289752925
10.0	-71.4745854757	35.576243573
10.0	-71.4745854757	41.5235118534
10.0	-71.4745854757	47.4707801339
10.0	-71.4745854757	53.4180484144
10.0	-71.4745854757	59.3653166949
10.0	-71.4745854757	65.3125849754
10.0	-71.4745854757	71.2598532558
10.0	-71.4745854757	77.2071215363
10.0	-71.4745854757	83.1543898168
10.0	-71.4745854757	89.1016580973
10.0	-71.4745854757	95.0489263777
10.0	-71.4745854757	100.996194658
10.0	-65.5273171952	-101.210926878
10.0	-65.5273171952	-95.2636585976
10.0	-65.5273171952	-89.3163903171
10.0	-65.5273171952	-83.3691220366
10.0	-65.5273171952	-77.4218537562
10.0	-65.5273171952	-71.4745854757
10.0	-65.5273171952	-65.5273171952
10.0	-65.5273171952	-59.5800489147
10.0	-65.5273171952	-53.6327806342
10.0	-65.5273171952	-47.6855123538
10.0	-65.5273171952	-41.7382440733
10.0	-65.5273171952	-35.7909757928
10.0	-65.5273171952	-29.8437075123
10.0	-65.5273171952	-23.8964392318
10.0	-65.5273171952	-17.9491709514
10.0	-65.5273171952	-12.0019026709
10.0	-65.5273171952	-6.05463439041
10.0	-65.5273171952	-0.107366109926
10.0	-65.5273171952	5.83990217055
10.0	-65.5273171952	11.787170451
10.0	-65.5273171952	17.7344387315
10.0	-65.5273171952	23.681707012
10.0	-65.5273171952	29.6289752925
10.0	-65.5273171952	35.576243573
10.0	-65.5273171952	41.5235118534
10.0	-65.5273171952	47.4707801339
10.0	-65.5273171952	53.4180484144
10.0	-65.5273171952	59.3653166949
10.0	-65.5273171952	65.3125849754
10.0	-65.5273171952	71.2598532558
10.0	-65.5273171952	77.2071215363
10.0	-65.5273171952	83.1543898168
10.0	-65.5273171952	89.1016580973
10.0	-65.5273171952	95.0489263777
10.0	-65.5273171952	100.996194658
10.0	-59.5800489147	-107.158195159
10.0	-59.5800489147	-101.210926878
10.0	-59.5800489147	-95.2636585976
10.0	-59.5800489147	-89.3163903171
10.0	-59.5800489147	-83.3691220366
10.0	-59.5800489147	-77.4218537562
10.0	-59.5800489147	-71.4745854757
10.0	-59.5800489147	-65.5273171952
10.0	-59.5800489147	-59.5800489147
10.0	-59.5800489147	-53.6327806342
10.0	-59.5800489147	-47.6855123538
10.0	-59.5800489147	-41.7382440733
10.0	-59.5800489147	-35.7909757928
10.0	-59.5800489147	-29.8437075123
10.0	-59.5800489147	-23.8964392318
10.0	-59.5800489147	-17.9491709514
10.0	-59.5800489147	-12.0019026709
10.0	-59.5800489147	-6.05463439041
10.0	-59.5800489147	-0.107366109926
10.0	-59.5800489147	5.83990217055
10.0	-59.5800489147	11.787170451
10.0	-59.5800489147	17.7344387315
10.0	-59.5800489147	23.681707012
10.0	-59.5800489147	29.6289752925
10.0	-59.5800489147	35.576243573
10.0	-59.5800489147	41.5235118534
10.0	-59.5800489147	47.4707801339
10.0	-59.5800489147	53.4180484144
10.0	-59.5800489147	59.3653166949
10.0	-59.5800489147	65.3125849754
10.0	-59.5800489147	71.2598532558
10.0	-59.5800489147	77.2071215363
10.0	-59.5800489147	83.1543898168
10.0	-59.5800489147	89.1016580973
10.0	-59.5800489147	95.0489263777
10.0	-59.5800489147	100.996194658
10.0	-59.5800489147	106.943462939
10.0	-53.6327806342	-107.158195159
10.0	-53.6327806342	-101.210926878
10.0	-53.6327806342	-95.2636585976
10.0	-53.6327806342	-89.3163903171
10.0	-53.6327806342	-83.3691220366
10.0	-53.6327806342	-77.4218537562
10.0	-53.6327806342	-71.4745854757
10.0	-53.6327806342	-65.5273171952
10.0	-53.6327806342	-59.5800489147
10.0	-53.6327806342	-53.6327806342
10.0	-53.6327806342	-47.6855123538
10.0	-53.6327806342	-41.7382440733
10.0	-53.6327806342	-35.7909757928
10.0	-53.6327806342	-29.8437075123
10.0	-53.6327806342	-23.8964392318
10.0	-53.6327806342	-17.9491709514
10.0	-53.6327806342	-12.0019026709
10.0	-53.6327806342	-6.05463439041
10.0	-53.6327806342	-0.107366109926
10.0	-53.6327806342	5.83990217055
10.0	-53.6327806342	11.787170451
10.0	-53.6327806342	17.7344387315
10.0	-53.6327806342	23.681707012
10.0	-53.6327806342	29.6289752925
10.0	-53.6327806342	35.576243573
10.0	-53.6327806342	41.5235118534
10.0	-53.6327806342	47.4707801339
10.0	-53.6327806342	53.4180484144
10.0	-53.6327806342	59.3653166949
10.0	-53.6327806342	65.3125849754
10.0	-53.6327806342	71.2598532558
10.0	-53.6327806342	77.2071215363
10.0	-53.6327806342	83.1543898168
10.0	-53.6327806342	89.1016580973
10.0	-53.6327806342	95.0489263777
10.0	-53.6327806342	100.996194658
10.0	-53.6327806342	106.943462939
10.0	-53.6327806342	112.890731219
10.0	-47.6855123538	-113.105463439
10.0	-47.6855123538	-107.158195159
10.0	-47.6855123538	-101.210926878
10.0	-47.6855123538	-95.2636585976
10.0	-47.6855123538	-89.3163903171
10.0	-47.6855123538	-83.3691220366
10.0	-47.6855123538	-77.4218537562
10.0	-47.6855123538	-71.4745854757
10.0	-47.6855123538	-65.5273171952
10.0	-47.6855123538	-59.5800489147
10.0	-47.6855123538	-53.6327806342
10.0	-47.6855123538	-47.6855123538
10.0	-47.6855123538	-41.7382440733
10.0	-47.6855123538	-35.7909757928
10.0	-47.6855123538	-29.8437075123
10.0	-47.6855123538	-23.8964392318
10.0	-47.6855123538	-17.9491709514
10.0	-47.6855123538	-12.0019026709
10.0	-47.6855123538	-6.05463439041
10.0	-47.6855123538	-0.107366109926
10.0	-47.6855123538	5.83990217055
10.0	-47.6855123538	11.787170451
10.0	-47.6855123538	17.7344387315
10.0	-47.6855123538	23.681707012
10.0	-47.6855123538	29.6289752925
10.0	-47.6855123538	35.576243573
10.0	-47.6855123538	41.5235118534
10.0	-47.6855123538	47.4707801339
10.0	-47.6855123538	53.4180484144
10.0	-47.6855123538	59.3653166949
10.0	-47.6855123538	65.3125849754
10.0	-47.6855123538	71.2598532558
10.0	-47.6855123538	77.2071215363
10.0	-47.6855123538	83.1543898168
10.0	-47.6855123538	89.1016580973
10.0	-47.6855123538	95.0489263777
10.0	-47.6855123538	100.996194658
10.0	-47.6855123538	106.943462939
10.0	-47.6855123538	112.890731219
10.0	-41.7382440733	-113.105463439
10.0	-41.7382440733	-107.158195159
10.0	-41.7382440733	-101.210926878
10.0	-41.7382440733	-95.2636585976
10.0	-41.7382440733	-89.3163903171
10.0	-41.7382440733	-83.3691220366
10.0	-41.7382440733	-77.4218537562
10.0	-41.7382440733	-71.4745854757
10.0	-41.7382440733	-65.5273171952
10.0	-41.7382440733	-59.5800489147
10.0	-41.7382440733	-53.6327806342
10.0	-41.7382440733	-47.6855123538
10.0	-41.7382440733	-41.7382440733
10.0	-41.7382440733	-35.7909757928
10.0	-41.7382440733	-29.8437075123
10.0	-41.7382440733	-23.8964392318
10.0	-41.7382440733	-17.9491709514
10.0	-41.7382440733	-12.0019026709
10.0	-41.7382440733	-6.05463439041
10.0	-41.7382440733	-0.107366109926
10.0	-41.7382440733	5.83990217055
10.0	-41.7382440733	11.787170451
10.0	-41.7382440733	17.7344387315
10.0	-41.7382440733	23.681707012
10.0	-41.7382440733	29.6289752925
10.0	-41.7382440733	35.576243573
10.0	-41.7382440733	41.5235118534
10.0	-41.7382440733	47.4707801339
10.0	-41.7382440733	53.4180484144
10.0	-41.7382440733	59.3653166949
10.0	-41.7382440733	65.3125849754
10.0	-41.7382440733	71.2598532558
10.0	-41.7382440733	77.2071215363
10.0	-41.7382440733	83.1543898168
10.0	-41.7382440733	89.1016580973
10.0	-41.7382440733	95.0489263777
10.0	-41.7382440733	100.996194658
10.0	-41.7382440733	106.943462939
10.0	-41.7382440733	112.890731219
10.0	-35.7909757928	-119.05273172
10.0	-35.7909757928	-113.105463439
10.0	-35.7909757928	-107.158195159
10.0	-35.7909757928	-101.210926878
10.0	-35.7909757928	-95.2636585976
10.0	-35.7909757928	-89.3163903171
10.0	-35.7909757928	-83.3691220366
10.0	-35.7909757928	-77.4218537562
10.0	-35.7909757928	-71.4745854757
10.0	-35.7909757928	-65.5273171952
10.0	-35.7909757928	-59.5800489147
10.0	-35.7909757928	-53.6327806342
10.0	-35.7909757928	-47.6855123538
10.0	-35.7909757928	-41.7382440733
10.0	-35.7909757928	-35.7909757928
10.0	-35.7909757928	-29.8437075123
10.0	-35.7909757928	-23.8964392318
10.0	-35.7909757928	-17.9491709514
10.0	-35.7909757928	-12.0019026709
10.0	-35.7909757928	-6.05463439041
10.0	-35.7909757928	-0.107366109926
10.0	-35.7909757928	5.83990217055
10.0	-35.7909757928	11.787170451
10.0	-35.7909757928	17.7344387315
10.0	-35.7909757928	23.681707012
10.0	-35.7909757928	29.6289752925
10.0	-35.7909757928	35.576243573
10.0	-35.7909757928	41.5235118534
10.0	-35.7909757928	47.4707801339
10.0	-35.7909757928	53.4180484144
10.0	-35.7909757928	59.3653166949
10.0	-35.7909757928	65.3125849754
10.0	-35.7909757928	71.2598532558
10.0	-35.7909757928	77.2071215363
10.0	-35.7909757928	83.1543898168
10.0	-35.7909757928	89.1016580973
10.0	-35.7909757928	95.0489263777
10.0	-35.7909757928	100.996194658
10.0	-35.7909757928	106.943462939
10.0	-35.7909757928	112.890731219
10.0	-35.7909757928	118.8379995
10.0	-29.8437075123	-119.05273172
10.0	-29.8437075123	-113.105463439
10.0	-29.8437075123	-107.158195159
10.0	-29.8437075123	-101.210926878
10.0	-29.8437075123	-95.2636585976
10.0	-29.8437075123	-89.3163903171
10.0	-29.8437075123	-83.3691220366
10.0	-29.8437075123	-77.4218537562
10.0	-29.8437075123	-71.4745854757
10.0	-29.8437075123	-65.5273171952
10.0	-29.8437075123	-59.5800489147
10.0	-29.8437075123	-53.6327806342
10.0	-29.8437075123	-47.6855123538
10.0	-29.8437075123	-41.7382440733
10.0	-29.8437075123	-35.7909757928
10.0	-29.8437075123	-29.8437075123
10.0	-29.8437075123	-23.8964392318
10.0	-29.8437075123	-17.9491709514
10.0	-29.8437075123	-12.0019026709
10.0	-29.8437075123	-6.05463439041
10.0	-29.8437075123	-0.107366109926
10.0	-29.8437075123	5.83990217055
10.0	-29.8437075123	11.787170451
10.0	-29.8437075123	17.7344387315
10.0	-29.8437075123	23.681707012
10.0	-29.8437075123	29.6289752925
10.0	-29.8437075123	35.576243573
10.0	-29.8437075123	41.5235118534
10.0	-29.8437075123	47.4707801339
10.0	-29.8437075123	53.4180484144
10.0	-29.8437075123	59.3653166949
10.0	-29.8437075123	65.3125849754
10.0	-29.8437075123	71.2598532558
10.0	-29.8437075123	77.2071215363
10.0	-29.8437075123	83.1543898168
10.0	-29.8437075123	89.1016580973
10.0	-29.8437075123	95.0489263777
10.0	-29.8437075123	100.996194658
10.0	-29.8437075123	106.943462939
10.0	-29.8437075123	112.890731219
10.0	-29.8437075123	118.8379995
10.0	-23.8964392318	-119.05273172
10.0	-23.8964392318	-113.105463439
10.0	-23.8964392318	-107.158195159
10.0	-23.8964392318	-101.210926878
10.0	-23.8964392318	-95.2636585976
10.0	-23.8964392318	-89.3163903171
10.0	-23.8964392318	-83.3691220366
10.0	-23.8964392318	-77.4218537562
10.0	-23.8964392318	-71.4745854757
10.0	-23.8964392318	-65.5273171952
10.0	-23.8964392318	-59.5800489147
10.0	-23.8964392318	-53.6327806342
10.0	-23.8964392318	-47.6855123538
10.0	-23.8964392318	-41.7382440733
10.0	-23.8964392318	-35.7909757928
10.0	-23.8964392318	-29.8437075123
10.0	-23.8964392318	-23.8964392318
10.0	-23.8964392318	-17.9491709514
10.0	-23.8964392318	-12.0019026709
10.0	-23.8964392318	-6.05463439041
10.0	-23.8964392318	-0.107366109926
10.0	-23.8964392318	5.83990217055
10.0	-23.8964392318	11.787170451
10.0	-23.8964392318	17.7344387315
10.0	-23.8964392318	23.681707012
10.0	-23.8964392318	29.6289752925
10.0	-23.8964392318	35.576243573
10.0	-23.8964392318	41.5235118534
10.0	-23.8964392318	47.4707801339
10.0	-23.8964392318	53.4180484144
10.0	-23.8964392318	59.3653166949
10.0	-23.8964392318	65.3125849754
10.0	-23.8964392318	71.2598532558
10.0	-23.8964392318	77.2071215363
10.0	-23.8964392318	83.1543898168
10.0	-23.8964392318	89.1016580973
10.0	-23.8964392318	95.0489263777
10.0	-23.8964392318	100.996194658
10.0	-23.8964392318	106.943462939
10.0	-23.8964392318	112.890731219
10.0	-23.8964392318	118.8379995
10.0	-17.9491709514	-119.05273172
10.0	-17.9491709514	-113.105463439
10.0	-17.9491709514	-107.158195159
10.0	-17.9491709514	-101.210926878
10.0	-17.9491709514	-95.2636585976
10.0	-17.9491709514	-89.3163903171
10.0	-17.9491709514	-83.3691220366
10.0	-17.9491709514	-77.4218537562
10.0	-17.9491709514	-71.4745854757
10.0	-17.9491709514	-65.5273171952
10.0	-17.9491709514	-59.5800489147
10.0	-17.9491709514	-53.6327806342
10.0	-17.9491709514	-47.6855123538
10.0	-17.9491709514	-41.7382440733
10.0	-17.9491709514	-35.7909757928
10.0	-17.9491709514	-29.8437075123
10.0	-17.9491709514	-23.8964392318
10.0	-17.9491709514	-17.9491709514
10.0	-17.9491709514	-12.0019026709
10.0	-17.9491709514	-6.05463439041
10.0	-17.9491709514	-0.107366109926
10.0	-17.9491709514	5.83990217055
10.0	-17.9491709514	11.787170451
10.0	-17.9491709514	17.7344387315
10.0	-17.9491709514	23.681707012
10.0	-17.9491709514	29.6289752925
10.0	-17.9491709514	35.576243573
10.0	-17.9491709514	41.5235118534
10.0	-17.9491709514	47.4707801339
10.0	-17.9491709514	53.4180484144
10.0	-17.9491709514	59.3653166949
10.0	-17.9491709514	65.3125849754
10.0	-17.9491709514	71.2598532558
10.0	-17.9491709514	77.2071215363
10.0	-17.9491709514	83.1543898168
10.0	-17.9491709514	89.1016580973
10.0	-17.9491709514	95.0489263777
10.0	-17.9491709514	100.996194658
10.0	-17.9491709514	106.943462939
10.0	-17.9491709514	112.890731219
10.0	-17.9491709514	118.8379995
10.0	-12.0019026709	-119.05273172
10.0	-12.0019026709	-113.105463439
10.0	-12.0019026709	-107.158195159
10.0	-12.0019026709	-101.210926878
10.0	-12.0019026709	-95.2636585976
10.0	-12.0019026709	-89.3163903171
10.0	-12.0019026709	-83.3691220366
10.0	-12.0019026709	-77.4218537562
10.0	-12.0019026709	-71.4745854757
10.0	-12.0019026709	-65.5273171952
10.0	-12.0019026709	-59.5800489147
10.0	-12.0019026709	-53.6327806342
10.0	-12.0019026709	-47.6855123538
10.0	-12.0019026709	-41.7382440733
10.0	-12.0019026709	-35.7909757928
10.0	-12.0019026709	-29.8437075123
10.0	-12.0019026709	-23.8964392318
10.0	-12.0019026709	-17.9491709514
10.0	-12.0019026709	-12.0019026709
10.0	-12.0019026709	-6.05463439041
10.0	-12.0019026709	-0.107366109926
10.0	-12.0019026709	5.83990217055
10.0	-12.0019026709	11.787170451
10.0	-12.0019026709	17.7344387315
10.0	-12.0019026709	23.681707012
10.0	-12.0019026709	29.6289752925
10.0	-12.0019026709	35.576243573
10.0	-12.0019026709	41.5235118534
10.0	-12.0019026709	47.4707801339
10.0	-12.0019026709	53.4180484144
10.0	-12.0019026709	59.3653166949
10.0	-12.0019026709	65.3125849754
10.0	-12.0019026709	71.2598532558
10.0	-12.0019026709	77.2071215363
10.0	-12.0019026709	83.1543898168
10.0	-12.0019026709	89.1016580973
10.0	-12.0019026709	95.0489263777
10.0	-12.0019026709	100.996194658
10.0	-12.0019026709	106.943462939
10.0	-12.0019026709	112.890731219
10.0	-12.0019026709	118.8379995
10.0	-6.05463439041	-119.05273172
10.0	-6.05463439041	-113.105463439
10.0	-6.05463439041	-107.158195159
10.0	-6.05463439041	-101.210926878
10.0	-6.05463439041	-95.2636585976
10.0	-6.05463439041	-89.3163903171
10.0	-6.05463439041	-83.3691220366
10.0	-6.05463439041	-77.4218537562
10.0	-6.05463439041	-71.4745854757
10.0	-6.05463439041	-65.5273171952
10.0	-6.05463439041	-59.5800489147
10.0	-6.05463439041	-53.6327806342
10.0	-6.05463439041	-47.6855123538
10.0	-6.05463439041	-41.7382440733
10.0	-6.05463439041	-35.7909757928
10.0	-6.05463439041	-29.8437075123
10.0	-6.05463439041	-23.8964392318
10.0	-6.05463439041	-17.9491709514
10.0	-6.05463439041	-12.0019026709
10.0	-6.05463439041	-6.05463439041
10.0	-6.05463439041	-0.107366109926
10.0	-6.05463439041	5.83990217055
10.0	-6.05463439041	11.787170451
10.0	-6.05463439041	17.7344387315
10.0	-6.05463439041	23.681707012
10.0	-6.05463439041	29.6289752925
10.0	-6.05463439041	35.576243573
10.0	-6.05463439041	41.5235118534
10.0	-6.05463439041	47.4707801339
10.0	-6.05463439041	53.4180484144
10.0	-6.05463439041	59.3653166949
10.0	-6.05463439041	65.3125849754
10.0	-6.05463439041	71.2598532558
10.0	-6.05463439041	77.2071215363
10.0	-6.05463439041	83.1543898168
10.0	-6.05463439041	89.1016580973
10.0	-6.05463439041	95.0489263777
10.0	-6.05463439041	100.996194658
10.0	-6.05463439041	106.943462939
10.0	-6.05463439041	112.890731219
10.0	-6.05463439041	118.8379995
10.0	-6.05463439041	124.78526778
10.0	-0.107366109926	-119.05273172
10.0	-0.107366109926	-113.105463439
10.0	-0.107366109926	-107.158195159
10.0	-0.107366109926	-101.210926878
10.0	-0.107366109926	-95.2636585976
10.0	-0.107366109926	-89.3163903171
10.0	-0.107366109926	-83.3691220366
10.0	-0.107366109926	-77.4218537562
10.0	-0.107366109926	-71.4745854757
10.0	-0.107366109926	-65.5273171952
10.0	-0.107366109926	-59.5800489147
10.0	-0.107366109926	-53.6327806342
10.0	-0.107366109926	-47.6855123538
10.0	-0.107366109926	-41.7382440733
10.0	-0.107366109926	-35.7909757928
10.0	-0.107366109926	-29.8437075123
10.0	-0.107366109926	-23.8964392318
10.0	-0.107366109926	-17.9491709514
10.0	-0.107366109926	-12.0019026709
10.0	-0.107366109926	-6.05463439041
10.0	-0.107366109926	-0.107366109926
10.0	-0.107366109926	5.83990217055
10.0	-0.107366109926	11.787170451
10.0	-0.107366109926	17.7344387315
10.0	-0.107366109926	23.681707012
10.0	-0.107366109926	29.6289752925
10.0	-0.107366109926	35.576243573
10.0	-0.107366109926	41.5235118534
10.0	-0.107366109926	47.4707801339
10.0	-0.107366109926	53.4180484144
10.0	-0.107366109926	59.3653166949
10.0	-0.107366109926	65.3125849754
10.0	-0.107366109926	71.2598532558
10.0	-0.107366109926	77.2071215363
10.0	-0.107366109926	83.1543898168
10.0	-0.107366109926	89.1016580973
10.0	-0.107366109926	95.0489263777
10.0	-0.107366109926	100.996194658
10.0	-0.107366109926	106.943462939
10.0	-0.107366109926	112.890731219
10.0	-0.107366109926	118.8379995
10.0	-0.107366109926	124.78526778
10.0	5.83990217055	-119.05273172
10.0	5.83990217055	-113.105463439
10.0	5.83990217055	-107.158195159
10.0	5.83990217055	-101.210926878
10.0	5.83990217055	-95.2636585976
10.0	5.83990217055	-89.3163903171
10.0	5.83990217055	-83.3691220366
10.0	5.83990217055	-77.4218537562
10.0	5.83990217055	-71.4745854757
10.0	5.83990217055	-65.5273171952
10.0	5.83990217055	-59.5800489147
10.0	5.83990217055	-53.6327806342
10.0	5.83990217055	-47.6855123538
10.0	5.83990217055	-41.7382440733
10.0	5.83990217055	-35.7909757928
10.0	5.83990217055	-29.8437075123
10.0	5.83990217055	-23.8964392318
10.0	5.83990217055	-17.9491709514
10.0	5.83990217055	-12.0019026709
10.0	5.83990217055	-6.05463439041
10.0	5.83990217055	-0.107366109926
10.0	5.83990217055	5.83990217055
10.0	5.83990217055	11.787170451
10.0	5.83990217055	17.7344387315
10.0	5.83990217055	23.681707012
10.0	5.83990217055	29.6289752925
10.0	5.83990217055	35.576243573
10.0	5.83990217055	41.5235118534
10.0	5.83990217055	47.4707801339
10.0	5.83990217055	53.4180484144
10.0	5.83990217055	59.3653166949
10.0	5.83990217055	65.3125849754
10.0	5.83990217055	71.2598532558
10.0	5.83990217055	77.2071215363
10.0	5.83990217055	83.1543898168
10.0	5.83990217055	89.1016580973
10.0	5.83990217055	95.0489263777
10.0	5.83990217055	100.996194658
10.0	5.83990217055	106.943462939
10.0	5.83990217055	112.890731219
10.0	5.83990217055	118.8379995
10.0	5.83990217055	124.78526778
10.0	11.787170451	-119.05273172
10.0	11.787170451	-113.105463439
10.0	11.787170451	-107.158195159
10.0	11.787170451	-101.210926878
10.0	11.787170451	-95.2636585976
10.0	11.787170451	-89.3163903171
10.0	11.787170451	-83.3691220366
10.0	11.787170451	-77.4218537562
10.0	11.787170451	-71.4745854757
10.0	11.787170451	-65.5273171952
10.0	11.787170451	-59.5800489147
10.0	11.787170451	-53.6327806342
10.0	11.787170451	-47.6855123538
10.0	11.787170451	-41.7382440733
10.0	11.787170451	-35.7909757928
10.0	11.787170451	-29.8437075123
10.0	11.787170451	-23.8964392318
10.0	11.787170451	-17.9491709514
10.0	11.787170451	-12.0019026709
10.0	11.787170451	-6.05463439041
10.0	11.787170451	-0.107366109926
10.0	11.787170451	5.83990217055
10.0	11.787170451	11.787170451
10.0	11.787170451	17.7344387315
10.0	11.787170451	23.681707012
10.0	11.787170451	29.6289752925
10.0	11.787170451	35.576243573
10.0	11.787170451	41.5235118534
10.0	11.787170451	47.4707801339
10.0	11.787170451	53.4180484144
10.0	11.787170451	59.3653166949
10.0	11.787170451	65.3125849754
10.0	11.787170451	71.2598532558
10.0	11.787170451	77.2071215363
10.0	11.787170451	83.1543898168
10.0	11.787170451	89.1016580973
10.0	11.787170451	95.0489263777
10.0	11.787170451	100.996194658
10.0	11.787170451	106.943462939
10.0	11.787170451	112.890731219
10.0	11.787170451	118.8379995
10.0	17.7344387315	-119.05273172
10.0	17.7344387315	-113.105463439
10.0	17.7344387315	-107.158195159
10.0	17.7344387315	-101.210926878
10.0	17.7344387315	-95.2636585976
10.0	17.7344387315	-89.3163903171
10.0	17.7344387315	-83.3691220366
10.0	17.7344387315	-77.4218537562
10.0	17.7344387315	-71.4745854757
10.0	17.7344387315	-65.5273171952
10.0	17.7344387315	-59.5800489147
10.0	17.7344387315	-53.6327806342
10.0	17.7344387315	-47.6855123538
10.0	17.7344387315	-41.7382440733
10.0	17.7344387315	-35.7909757928
10.0	17.7344387315	-29.8437075123
10.0	17.7344387315	-23.8964392318
10.0	17.7344387315	-17.9491709514
10.0	17.7344387315	-12.0019026709
10.0	17.7344387315	-6.05463439041
10.0	17.7344387315	-0.107366109926
10.0	17.7344387315	5.83990217055
10.0	17.7344387315	11.787170451
10.0	17.7344387315	17.7344387315
10.0	17.7344387315	23.681707012
10.0	17.7344387315	29.6289752925
10.0	17.7344387315	35.576243573
10.0	17.7344387315	41.5235118534
10.0	17.7344387315	47.4707801339
10.0	17.7344387315	53.4180484144
10.0	17.7344387315	59.3653166949
10.0	17.7344387315	65.3125849754
10.0	17.7344387315	71.2598532558
10.0	17.7344387315	77.2071215363
10.0	17.7344387315	83.1543898168
10.0	17.7344387315	89.1016580973
10.0	17.7344387315	95.0489263777
10.0	17.7344387315	100.996194658
10.0	17.7344387315	106.943462939
10.0	17.7344387315	112.890731219
10.0	17.7344387315	118.8379995
10.0	23.681707012	-119.05273172
10.0	23.681707012	-113.105463439
10.0	23.681707012	-107.158195159
10.0	23.681707012	-101.210926878
10.0	23.681707012	-95.2636585976
10.0	23.681707012	-89.3163903171
10.0	23.681707012	-83.3691220366
10.0	23.681707012	-77.4218537562
10.0	23.681707012	-71.4745854757
10.0	23.681707012	-65.5273171952
10.0	23.681707012	-59.5800489147
10.0	23.681707012	-53.6327806342
10.0	23.681707012	-47.6855123538
10.0	23.681707012	-41.7382440733
10.0	23.681707012	-35.7909757928
10.0	23.681707012	-29.8437075123
10.0	23.681707012	-23.8964392318
10.0	23.681707012	-17.9491709514
10.0	23.681707012	-12.0019026709
10.0	23.681707012	-6.05463439041
10.0	23.681707012	-0.107366109926
10.0	23.681707012	5.83990217055
10.0	23.681707012	11.787170451
10.0	23.681707012	17.7344387315
10.0	23.681707012	23.681707012
10.0	23.681707012	29.6289752925
10.0	23.681707012	35.576243573
10.0	23.681707012	41.5235118534
10.0	23.681707012	47.4707801339
10.0	23.681707012	53.4180484144
10.0	23.681707012	59.3653166949
10.0	23.681707012	65.3125849754
10.0	23.681707012	71.2598532558
10.0	23.681707012	77.2071215363
10.0	23.681707012	83.1543898168
10.0	23.681707012	89.1016580973
10.0	23.681707012	95.0489263777
10.0	23.681707012	100.996194658
10.0	23.681707012	106.943462939
10.0	23.681707012	112.890731219
10.0	23.681707012	118.8379995
10.0	29.6289752925	-119.05273172
10.0	29.6289752925	-113.105463439
10.0	29.6289752925	-107.158195159
10.0	29.6289752925	-101.210926878
10.0	29.6289752925	-95.2636585976
10.0	29.6289752925	-89.3163903171
10.0	29.6289752925	-83.3691220366
10.0	29.6289752925	-77.4218537562
10.0	29.6289752925	-71.4745854757
10.0	29.6289752925	-65.5273171952
10.0	29.6289752925	-59.5800489147
10.0	29.6289752925	-53.6327806342
10.0	29.6289752925	-47.6855123538
10.0	29.6289752925	-41.7382440733
10.0	29.6289752925	-35.7909757928
10.0	29.6289752925	-29.8437075123
10.0	29.6289752925	-23.8964392318
10.0	29.6289752925	-17.9491709514
10.0	29.6289752925	-12.0019026709
10.0	29.6289752925	-6.05463439041
10.0	29.6289752925	-0.107366109926
10.0	29.6289752925	5.83990217055
10.0	29.6289752925	11.787170451
10.0	29.6289752925	17.7344387315
10.0	29.6289752925	23.681707012
10.0	29.6289752925	29.6289752925
10.0	29.6289752925	35.576243573
10.0	29.6289752925	41.5235118534
10.0	29.6289752925	47.4707801339
10.0	29.6289752925	53.4180484144
10.0	29.6289752925	59.3653166949
10.0	29.6289752925	65.3125849754
10.0	29.6289752925	71.2598532558
10.0	29.6289752925	77.2071215363
10.0	29.6289752925	83.1543898168
10.0	29.6289752925	89.1016580973
10.0	29.6289752925	95.0489263777
10.0	29.6289752925	100.996194658
10.0	29.6289752925	106.943462939
10.0	29.6289752925	112.890731219
10.0	29.6289752925	118.8379995
10.0	35.576243573	-119.05273172
10.0	35.576243573	-113.105463439
10.0	35.576243573	-107.158195159
10.0	35.576243573	-101.210926878
10.0	35.576243573	-95.2636585976
10.0	35.576243573	-89.3163903171
10.0	35.576243573	-83.3691220366
10.0	35.576243573	-77.4218537562
10.0	35.576243573	-71.4745854757
10.0	35.576243573	-65.5273171952
10.0	35.576243573	-59.5800489147
10.0	35.576243573	-53.6327806342
10.0	35.576243573	-47.6855123538
10.0	35.576243573	-41.7382440733
10.0	35.576243573	-35.7909757928
10.0	35.576243573	-29.8437075123
10.0	35.576243573	-23.8964392318
10.0	35.576243573	-17.9491709514
10.0	35.576243573	-12.0019026709
10.0	35.576243573	-6.05463439041
10.0	35.576243573	-0.107366109926
10.0	35.576243573	5.83990217055
10.0	35.576243573	11.787170451
10.0	35.576243573	17.7344387315
10.0	35.576243573	23.681707012
10.0	35.576243573	29.6289752925
10.0	35.576243573	35.576243573
10.0	35.576243573	41.5235118534
10.0	35.576243573	47.4707801339
10.0	35.576243573	53.4180484144
10.0	35.576243573	59.3653166949
10.0	35.576243573	65.3125849754
10.0	35.576243573	71.2598532558
10.0	35.576243573	77.2071215363
10.0	35.576243573	83.1543898168
10.0	35.576243573	89.1016580973
10.0	35.576243573	95.0489263777
10.0	35.576243573	100.996194658
10.0	35.576243573	106.943462939
10.0	35.576243573	112.890731219
10.0	35.576243573	118.8379995
10.0	41.5235118534	-113.105463439
10.0	41.5235118534	-107.158195159
10.0	41.5235118534	-101.210926878
10.0	41.5235118534	-95.2636585976
10.0	41.5235118534	-89.3163903171
10.0	41.5235118534	-83.3691220366
10.0	41.5235118534	-77.4218537562
10.0	41.5235118534	-71.4745854757
10.0	41.5235118534	-65.5273171952
10.0	41.5235118534	-59.5800489147
10.0	41.5235118534	-53.6327806342
10.0	41.5235118534	-47.6855123538
10.0	41.5235118534	-41.7382440733
10.0	41.5235118534	-35.7909757928
10.0	41.5235118534	-29.8437075123
10.0	41.5235118534	-23.8964392318
10.0	41.5235118534	-17.9491709514
10.0	41.5235118534	-12.0019026709
10.0	41.5235118534	-6.05463439041
10.0	41.5235118534	-0.107366109926
10.0	41.5235118534	5.83990217055
10.0	41.5235118534	11.787170451
10.0	41.5235118534	17.7344387315
10.0	41.5235118534	23.681707012
10.0	41.5235118534	29.6289752925
10.0	41.5235118534	35.576243573
10.0	41.5235118534	41.5235118534
10.0	41.5235118534	47.4707801339
10.0	41.5235118534	53.4180484144
10.0	41.5235118534	59.3653166949
10.0	41.5235118534	65.3125849754
10.0	41.5235118534	71.2598532558
10.0	41.5235118534	77.2071215363
10.0	41.5235118534	83.1543898168
10.0	41.5235118534	89.1016580973
10.0	41.5235118534	95.0489263777
10.0	41.5235118534	100.996194658
10.0	41.5235118534	106.943462939
10.0	41.5235118534	112.890731219
10.0	47.4707801339	-113.105463439
10.0	47.4707801339	-107.158195159
10.0	47.4707801339	-101.210926878
10.0	47.4707801339	-95.2636585976
10.0	47.4707801339	-89.3163903171
10.0	47.4707801339	-83.3691220366
10.0	47.4707801339	-77.4218537562
10.0	47.4707801339	-71.4745854757
10.0	47.4707801339	-65.5273171952
10.0	47.4707801339	-59.5800489147
10.0	47.4707801339	-53.6327806342
10.0	47.4707801339	-47.6855123538
10.0	47.4707801339	-41.7382440733
10.0	47.4707801339	-35.7909757928
10.0	47.4707801339	-29.8437075123
10.0	47.4707801339	-23.8964392318
10.0	47.4707801339	-17.9491709514
10.0	47.4707801339	-12.0019026709
10.0	47.4707801339	-6.05463439041
10.0	47.4707801339	-0.107366109926
10.0	47.4707801339	5.83990217055
10.0	47.4707801339	11.787170451
10.0	47.4707801339	17.7344387315
10.0	47.4707801339	23.681707012
10.0	47.4707801339	29.6289752925
10.0	47.4707801339	35.576243573
10.0	47.4707801339	41.5235118534
10.0	47.4707801339	47.4707801339
10.0	47.4707801339	53.4180484144
10.0	47.4707801339	59.3653166949
10.0	47.4707801339	65.3125849754
10.0	47.4707801339	71.2598532558
10.0	47.4707801339	77.2071215363
10.0	47.4707801339	83.1543898168
10.0	47.4707801339	89.1016580973
10.0	47.4707801339	95.0489263777
10.0	47.4707801339	100.996194658
10.0	47.4707801339	106.943462939
10.0	47.4707801339	112.890731219
10.0	53.4180484144	-107.158195159
10.0	53.4180484144	-101.210926878
10.0	53.4180484144	-95.2636585976
10.0	53.4180484144	-89.3163903171
10.0	53.4180484144	-83.3691220366
10.0	53.4180484144	-77.4218537562
10.0	53.4180484144	-71.4745854757
10.0	53.4180484144	-65.5273171952
10.0	53.4180484144	-59.5800489147
10.0	53.4180484144	-53.6327806342
10.0	53.4180484144	-47.6855123538
10.0	53.4180484144	-41.7382440733
10.0	53.4180484144	-35.7909757928
10.0	53.4180484144	-29.8437075123
10.0	53.4180484144	-23.8964392318
10.0	53.4180484144	-17.9491709514
10.0	53.4180484144	-12.0019026709
10.0	53.4180484144	-6.05463439041
10.0	53.4180484144	-0.107366109926
10.0	53.4180484144	5.83990217055
10.0	53.4180484144	11.787170451
10.0	53.4180484144	17.7344387315
10.0	53.4180484144	23.681707012
10.0	53.4180484144	29.6289752925
10.0	53.4180484144	35.576243573
10.0	53.4180484144	41.5235118534
10.0	53.4180484144	47.4707801339
10.0	53.4180484144	53.4180484144
10.0	53.4180484144	59.3653166949
10.0	53.4180484144	65.3125849754
10.0	53.4180484144	71.2598532558
10.0	53.4180484144	77.2071215363
10.0	53.4180484144	83.1543898168
10.0	53.4180484144	89.1016580973
10.0	53.4180484144	95.0489263777
10.0	53.4180484144	100.996194658
10.0	53.4180484144	106.943462939
10.0	53.4180484144	112.890731219
10.0	59.3653166949	-107.158195159
10.0	59.3653166949	-101.210926878
10.0	59.3653166949	-95.2636585976
10.0	59.3653166949	-89.3163903171
10.0	59.3653166949	-83.3691220366
10.0	59.3653166949	-77.4218537562
10.0	59.3653166949	-71.4745854757
10.0	59.3653166949	-65.5273171952
10.0	59.3653166949	-59.5800489147
10.0	59.3653166949	-53.6327806342
10.0	59.3653166949	-47.6855123538
10.0	59.3653166949	-41.7382440733
10.0	59.3653166949	-35.7909757928
10.0	59.3653166949	-29.8437075123
10.0	59.3653166949	-23.8964392318
10.0	59.3653166949	-17.9491709514
10.0	59.3653166949	-12.0019026709
10.0	59.3653166949	-6.05463439041
10.0	59.3653166949	-0.107366109926
10.0	59.3653166949	5.83990217055
10.0	59.3653166949	11.787170451
10.0	59.3653166949	17.7344387315
10.0	59.3653166949	23.681707012
10.0	59.3653166949	29.6289752925
10.0	59.3653166949	35.576243573
10.0	59.3653166949	41.5235118534
10.0	59.3653166949	47.4707801339
10.0	59.3653166949	53.4180484144
10.0	59.3653166949	59.3653166949
10.0	59.3653166949	65.3125849754
10.0	59.3653166949	71.2598532558
10.0	59.3653166949	77.2071215363
10.0	59.3653166949	83.1543898168
10.0	59.3653166949	89.1016580973
10.0	59.3653166949	95.0489263777
10.0	59.3653166949	100.996194658
10.0	59.3653166949	106.943462939
10.0	65.3125849754	-101.210926878
10.0	65.3125849754	-95.2636585976
10.0	65.3125849754	-89.3163903171
10.0	65.3125849754	-83.3691220366
10.0	65.3125849754	-77.4218537562
10.0	65.3125849754	-71.4745854757
10.0	65.3125849754	-65.5273171952
10.0	65.3125849754	-59.5800489147
10.0	65.3125849754	-53.6327806342
10.0	65.3125849754	-47.6855123538
10.0	65.3125849754	-41.7382440733
10.0	65.3125849754	-35.7909757928
10.0	65.3125849754	-29.8437075123
10.0	65.3125849754	-23.8964392318
10.0	65.3125849754	-17.9491709514
10.0	65.3125849754	-12.0019026709
10.0	65.3125849754	-6.05463439041
10.0	65.3125849754	-0.107366109926
10.0	65.3125849754	5.83990217055
10.0	65.3125849754	11.787170451
10.0	65.3125849754	17.7344387315
10.0	65.3125849754	23.681707012
10.0	65.3125849754	29.6289752925
10.0	65.3125849754	35.576243573
10.0	65.3125849754	41.5235118534
10.0	65.3125849754	47.4707801339
10.0	65.3125849754	53.4180484144
10.0	65.3125849754	59.3653166949
10.0	65.3125849754	65.3125849754
10.0	65.3125849754	71.2598532558
10.0	65.3125849754	77.2071215363
10.0	65.3125849754	83.1543898168
10.0	65.3125849754	89.1016580973
10.0	65.3125849754	95.0489263777
10.0	65.3125849754	100.996194658
10.0	71.2598532558	-101.210926878
10.0	71.2598532558	-95.2636585976
10.0	71.2598532558	-89.3163903171
10.0	71.2598532558	-83.3691220366
10.0	71.2598532558	-77.4218537562
10.0	71.2598532558	-71.4745854757
10.0	71.2598532558	-65.5273171952
10.0	71.2598532558	-59.5800489147
10.0	71.2598532558	-53.6327806342
10.0	71.2598532558	-47.6855123538
10.0	71.2598532558	-41.7382440733
10.0	71.2598532558	-35.7909757928
10.0	71.2598532558	-29.8437075123
10.0	71.2598532558	-23.8964392318
10.0	71.2598532558	-17.9491709514
10.0	71.2598532558	-12.0019026709
10.0	71.2598532558	-6.05463439041
10.0	71.2598532558	-0.107366109926
10.0	71.2598532558	5.83990217055
10.0	71.2598532558	11.787170451
10.0	71.2598532558	17.7344387315
10.0	71.2598532558	23.681707012
10.0	71.2598532558	29.6289752925
10.0	71.2598532558	35.576243573
10.0	71.2598532558	41.5235118534
10.0	71.2598532558	47.4707801339
10.0	71.2598532558	53.4180484144
10.0	71.2598532558	59.3653166949
10.0	71.2598532558	65.3125849754
10.0	71.2598532558	71.2598532558
10.0	71.2598532558	77.2071215363
10.0	71.2598532558	83.1543898168
10.0	71.2598532558	89.1016580973
10.0	71.2598532558	95.0489263777
10.0	71.2598532558	100.996194658
10.0	77.2071215363	-95.2636585976
10.0	77.2071215363	-89.3163903171
10.0	77.2071215363	-83.3691220366
10.0	77.2071215363	-77.4218537562
10.0	77.2071215363	-71.4745854757
10.0	77.2071215363	-65.5273171952
10.0	77.2071215363	-59.5800489147
10.0	77.2071215363	-53.6327806342
10.0	77.2071215363	-47.6855123538
10.0	77.2071215363	-41.7382440733
10.0	77.2071215363	-35.7909757928
10.0	77.2071215363	-29.8437075123
10.0	77.2071215363	-23.8964392318
10.0	77.2071215363	-17.9491709514
10.0	77.2071215363	-12.0019026709
10.0	77.2071215363	-6.05463439041
10.0	77.2071215363	-0.107366109926
10.0	77.2071215363	5.83990217055
10.0	77.2071215363	11.787170451
10.0	77.2071215363	17.7344387315
10.0	77.2071215363	23.681707012
10.0	77.2071215363	29.6289752925
10.0	77.2071215363	35.576243573
10.0	77.2071215363	41.5235118534
10.0	77.2071215363	47.4707801339
10.0	77.2071215363	53.4180484144
10.0	77.2071215363	59.3653166949
10.0	77.2071215363	65.3125849754
10.0	77.2071215363	71.2598532558
10.0	77.2071215363	77.2071215363
10.0	77.2071215363	83.1543898168
10.0	77.2071215363	89.1016580973
10.0	77.2071215363	95.0489263777
10.0	83.1543898168	-89.3163903171
10.0	83.1543898168	-83.3691220366
10.0	83.1543898168	-77.4218537562
10.0	83.1543898168	-71.4745854757
10.0	83.1543898168	-65.5273171952
10.0	83.1543898168	-59.5800489147
10.0	83.1543898168	-53.6327806342
10.0	83.1543898168	-47.6855123538
10.0	83.1543898168	-41.7382440733
10.0	83.1543898168	-35.7909757928
10.0	83.1543898168	-29.8437075123
10.0	83.1543898168	-23.8964392318
10.0	83.1543898168	-17.9491709514
10.0	83.1543898168	-12.0019026709
10.0	83.1543898168	-6.05463439041
10.0	83.1543898168	-0.107366109926
10.0	83.1543898168	5.83990217055
10.0	83.1543898168	11.787170451
10.0	83.1543898168	17.7344387315
10.0	83.1543898168	23.681707012
10.0	83.1543898168	29.6289752925
10.0	83.1543898168	35.576243573
10.0	83.1543898168	41.5235118534
10.0	83.1543898168	47.4707801339
10.0	83.1543898168	53.4180484144
10.0	83.1543898168	59.3653166949
10.0	83.1543898168	65.3125849754
10.0	83.1543898168	71.2598532558
10.0	83.1543898168	77.2071215363
10.0	83.1543898168	83.1543898168
10.0	83.1543898168	89.1016580973
10.0	89.1016580973	-83.3691220366
10.0	89.1016580973	-77.4218537562
10.0	89.1016580973	-71.4745854757
10.0	89.1016580973	-65.5273171952
10.0	89.1016580973	-59.5800489147
10.0	89.1016580973	-53.6327806342
10.0	89.1016580973	-47.6855123538
10.0	89.1016580973	-41.7382440733
10.0	89.1016580973	-35.7909757928
10.0	89.1016580973	-29.8437075123
10.0	89.1016580973	-23.8964392318
10.0	89.1016580973	-17.9491709514
10.0	89.1016580973	-12.0019026709
10.0	89.1016580973	-6.05463439041
10.0	89.1016580973	-0.107366109926
10.0	89.1016580973	5.83990217055
10.0	89.1016580973	11.787170451
10.0	89.1016580973	17.7344387315
10.0	89.1016580973	23.681707012
10.0	89.1016580973	29.6289752925
10.0	89.1016580973	35.576243573
10.0	89.1016580973	41.5235118534
10.0	89.1016580973	47.4707801339
10.0	89.1016580973	53.4180484144
10.0	89.1016580973	59.3653166949
10.0	89.1016580973	65.3125849754
10.0	89.1016580973	71.2598532558
10.0	89.1016580973	77.2071215363
10.0	89.1016580973	83.1543898168
10.0	95.0489263777	-77.4218537562
10.0	95.0489263777	-71.4745854757
10.0	95.0489263777	-65.5273171952
10.0	95.0489263777	-59.5800489147
10.0	95.0489263777	-53.6327806342
10.0	95.0489263777	-47.6855123538
10.0	95.0489263777	-41.7382440733
10.0	95.0489263777	-35.7909757928
10.0	95.0489263777	-29.8437075123
10.0	95.0489263777	-23.8964392318
10.0	95.0489263777	-17.9491709514
10.0	95.0489263777	-12.0019026709
10.0	95.0489263777	-6.05463439041
10.0	95.0489263777	-0.107366109926
10.0	95.0489263777	5.83990217055
10.0	95.0489263777	11.787170451
10.0	95.0489263777	17.7344387315
10.0	95.0489263777	23.681707012
10.0	95.0489263777	29.6289752925
10.0	95.0489263777	35.576243573
10.0	95.0489263777	41.5235118534
10.0	95.0489263777	47.4707801339
10.0	95.0489263777	53.4180484144
10.0	95.0489263777	59.3653166949
10.0	95.0489263777	65.3125849754
10.0	95.0489263777	71.2598532558
10.0	95.0489263777	77.2071215363
10.0	100.996194658	-71.4745854757
10.0	100.996194658	-65.5273171952
10.0	100.996194658	-59.5800489147
10.0	100.996194658	-53.6327806342
10.0	100.996194658	-47.6855123538
10.0	100.996194658	-41.7382440733
10.0	100.996194658	-35.7909757928
10.0	100.996194658	-29.8437075123
10.0	100.996194658	-23.8964392318
10.0	100.996194658	-17.9491709514
10.0	100.996194658	-12.0019026709
10.0	100.996194658	-6.05463439041
10.0	100.996194658	-0.107366109926
10.0	100.996194658	5.83990217055
10.0	100.996194658	11.787170451
10.0	100.996194658	17.7344387315
10.0	100.996194658	23.681707012
10.0	100.996194658	29.6289752925
10.0	100.996194658	35.576243573
10.0	100.996194658	41.5235118534
10.0	100.996194658	47.4707801339
10.0	100.996194658	53.4180484144
10.0	100.996194658	59.3653166949
10.0	100.996194658	65.3125849754
10.0	100.996194658	71.2598532558
10.0	106.943462939	-59.5800489147
10.0	106.943462939	-53.6327806342
10.0	106.943462939	-47.6855123538
10.0	106.943462939	-41.7382440733
10.0	106.943462939	-35.7909757928
10.0	106.943462939	-29.8437075123
10.0	106.943462939	-23.8964392318
10.0	106.943462939	-17.9491709514
10.0	106.943462939	-12.0019026709
10.0	106.943462939	-6.05463439041
10.0	106.943462939	-0.107366109926
10.0	106.943462939	5.83990217055
10.0	106.943462939	11.787170451
10.0	106.943462939	17.7344387315
10.0	106.943462939	23.681707012
10.0	106.943462939	29.6289752925
10.0	106.943462939	35.576243573
10.0	106.943462939	41.5235118534
10.0	106.943462939	47.4707801339
10.0	106.943462939	53.4180484144
10.0	106.943462939	59.3653166949
10.0	112.890731219	-53.6327806342
10.0	112.890731219	-47.6855123538
10.0	112.890731219	-41.7382440733
10.0	112.890731219	-35.7909757928
10.0	112.890731219	-29.8437075123
10.0	112.890731219	-23.8964392318
10.0	112.890731219	-17.9491709514
10.0	112.890731219	-12.0019026709
10.0	112.890731219	-6.05463439041
10.0	112.890731219	-0.107366109926
10.0	112.890731219	5.83990217055
10.0	112.890731219	11.787170451
10.0	112.890731219	17.7344387315
10.0	112.890731219	23.681707012
10.0	112.890731219	29.6289752925
10.0	112.890731219	35.576243573
10.0	112.890731219	41.5235118534
10.0	112.890731219	47.4707801339
10.0	112.890731219	53.4180484144
10.0	118.8379995	-35.7909757928
10.0	118.8379995	-29.8437075123
10.0	118.8379995	-23.8964392318
10.0	118.8379995	-17.9491709514
10.0	118.8379995	-12.0019026709
10.0	118.8379995	-6.05463439041
10.0	118.8379995	-0.107366109926
10.0	118.8379995	5.83990217055
10.0	118.8379995	11.787170451
10.0	118.8379995	17.7344387315
10.0	118.8379995	23.681707012
10.0	118.8379995	29.6289752925
10.0	118.8379995	35.576243573
10.0	124.78526778	-6.05463439041
10.0	124.78526778	-0.107366109926
10.0	124.78526778	5.83990217055
